USN,Grade
,
1RV21CS130,P
,
1RV21CS131,A+
,
1RV21CS132,A
,
1RV21CS133,F
,
1RV21CS134,A+
,
1RV21CS135,C
,
1RV21CS136,A
,
1RV21CS137,B+
,
1RV21CS138,F
,
1RV21CS139,B+
,
1RV21CS140,P
,
1RV21CS141,C
,
1RV21CS142,A
,
1RV21CS143,A+
,
1RV21CS145,C
,
1RV21CS146,B+
,
1RV21CS147,B+
,
1RV21CS148,C
,
1RV21CS149,NSSR
,
1RV21CS150,B+
,
1RV21CS151,A
,
1RV21CS152,B+
,
1RV21CS153,B
,
1RV21CS154,A+
,
1RV21CS155,B+
,
1RV21CS156,B+
,
1RV21CS157,A+
,
1RV21CS158,B
,
1RV21CS159,A
,
1RV21CS160,B
,
1RV21CS161,F
,
1RV21CS162,B+
,
1RV21CS163,A+
,
1RV21CS164,B
,
1RV21CS165,B+
,
1RV21CS166,B+
,
1RV21CS167,A+
,
1RV21CS168,B+
,
1RV21CS169,A+
,
1RV21CS170,NSSR
,
1RV21CS171,NSSR
,
1RV21CS172,A
,
1RV21CS173,B+
,
1RV21CS174,A+
,
1RV21CS175,B+
,
1RV21CS176,A+
,
1RV21CS177,C
,
1RV21CS178,A+
,
1RV21CS179,A
,
1RV21CS180,B+
,
1RV21CS181,A
,
1RV21CS182,C
,
1RV21CS183,A
,
1RV21CS184,P
,
1RV21CS185,NSSR
,
1RV21CS186,B
,
1RV21CS187,B+
,
1RV21CS188,B+
,
1RV21CS189,B+
,
1RV21CS190,A
,
1RV21CS191,C
,
1RV21CS192,B+
,
1RV21CS193,F
,
1RV21CS413,F
,
1RV17CS034,F
,
1Rv18CS426,F
,
1RV17CS034,
,
1RV22CS400,
,
,
,
,
,
,
,
1RV22CS404,
,
,
,
,
,
,
,
1RV22CS409,
,
1RV22CS415,
,
1RV21CS064,A
,
1RV21CS065,O
,
1RV21CS067,A+
,
1RV21CS068,A+
,
1RV21CS070,A+
,
1RV21CS071,A
,
1RV21CS072,B+
,
1RV21CS073,C
,
1RV21CS074,O
,
1RV21CS075,B
,
1RV21CS076,B+
,
1RV21CS077,B+
,
1RV21CS078,P
,
1RV21CS079,A
,
1RV21CS080,A
,
1RV21CS081,A
,
1RV21CS082,A
,
1RV21CS083,P
,
1RV21CS084,F
,
1RV21CS085,B
,
1RV21CS086,C
,
1RV21CS087,A
,
1RV21CS088,A
,
1RV21CS089,B
,
1RV21CS090,F
,
1RV21CS091,A+
,
1RV21CS092,B+
,
1RV21CS093,A
,
1RV21CS094,B
,
1RV21CS095,A
,
1RV21CS096,P
,
1RV21CS097,A+
,
1RV21CS098,A+
,
1RV21CS099,A
,
1RV21CS100,A+
,
1RV21CS101,A+
,
1RV21CS102,A+
,
1RV21CS103,B
,
1RV21CS104,O
,
1RV21CS105,A+
,
1RV21CS106,A
,
1RV21CS107,A
,
1RV21CS108,A
,
1RV21CS109,A+
,
1RV21CS110,A
,
1RV21CS111,A+
,
1RV21CS112,B+
,
1RV21CS113,P
,
1RV21CS114,A
,
1RV21CS115,NSSR
,
1RV21CS116,A
,
1RV21CS117,B
,
1RV21CS118,A+
,
1RV21CS119,P
,
1RV21CS120,B+
,
1RV21CS121,B+
,
1RV21CS122,A+
,
1RV21CS123,A+
,
1RV21CS124,A
,
1RV21CS125,A
,
1RV21CS126,A+
,
1RV21CS127,A
,
1RV21CS128,A+
,
1RV21CS129,A
